{"cameraMode":{"drawMode":0,"name":"Shaded","section":"Shading Mode"},"sceneLighting":false,"audioPlay":false,"sceneViewState":{"showFog":true,"showMaterialUpdate":false,"showSkybox":true,"showFlares":true,"showImageEffects":true,"showParticleSystems":true},"in2DMode":false,"pivot":{"x":0.1971435546875,"y":0.650390625,"z":-0.263916015625},"rotation":{"x":0.1533755660057068,"y":-0.8425766825675964,"z":0.35706186294555666,"w":0.3728906214237213},"size":1.1615573167800904,"orthographic":true}