{"cameraMode":{"drawMode":0,"name":"Shaded","section":"Shading Mode"},"sceneLighting":true,"audioPlay":false,"sceneViewState":{"showFog":true,"showMaterialUpdate":false,"showSkybox":true,"showFlares":true,"showImageEffects":true,"showParticleSystems":true},"in2DMode":false,"pivot":{"x":21.93505859375,"y":15.43359375,"z":0.30859375},"rotation":{"x":-0.10046736896038056,"y":-0.06878521293401718,"z":0.0030196169391274454,"w":-0.9925552606582642},"size":28.925582885742189,"orthographic":true}