{"cameraMode":{"drawMode":0,"name":"Shaded","section":"Shading Mode"},"sceneLighting":false,"audioPlay":false,"sceneViewState":{"showFog":true,"showMaterialUpdate":false,"showSkybox":true,"showFlares":true,"showImageEffects":true,"showParticleSystems":true},"in2DMode":false,"pivot":{"x":0.86328125,"y":0.7738037109375,"z":-0.84912109375},"rotation":{"x":0.1361737847328186,"y":0.32905954122543337,"z":-0.048016976565122607,"w":0.9332046508789063},"size":2.9546875953674318,"orthographic":true}