{"cameraMode":{"drawMode":0,"name":"Shaded","section":"Shading Mode"},"sceneLighting":true,"audioPlay":false,"sceneViewState":{"showFog":true,"showMaterialUpdate":false,"showSkybox":true,"showFlares":true,"showImageEffects":true,"showParticleSystems":true},"in2DMode":false,"pivot":{"x":29.986902236938478,"y":60.0,"z":-28.949167251586915},"rotation":{"x":0.06523707509040833,"y":-0.9289043545722961,"z":0.19798891246318818,"w":0.30607396364212038},"size":236.53550720214845,"orthographic":true}