{"cameraMode":{"drawMode":0,"name":"Shaded","section":"Shading Mode"},"sceneLighting":false,"audioPlay":false,"sceneViewState":{"showFog":true,"showMaterialUpdate":false,"showSkybox":true,"showFlares":true,"showImageEffects":true,"showParticleSystems":true},"in2DMode":false,"pivot":{"x":-0.60693359375,"y":0.39874267578125,"z":-0.0714111328125},"rotation":{"x":0.29263347387313845,"y":0.5148643851280212,"z":-0.1925622522830963,"w":0.7824321985244751},"size":2.477686643600464,"orthographic":true}