{"cameraMode":{"drawMode":0,"name":"Shaded","section":"Shading Mode"},"sceneLighting":true,"audioPlay":false,"sceneViewState":{"showFog":true,"showMaterialUpdate":false,"showSkybox":true,"showFlares":true,"showImageEffects":true,"showParticleSystems":true},"in2DMode":false,"pivot":{"x":75.0299301147461,"y":337.4149169921875,"z":-159.58311462402345},"rotation":{"x":0.48235002160072329,"y":-0.07733049243688584,"z":0.04279986396431923,"w":0.8715083003044128},"size":727.8507080078125,"orthographic":true}