{"cameraMode":{"drawMode":0,"name":"Shaded","section":"Shading Mode"},"sceneLighting":false,"audioPlay":false,"sceneViewState":{"showFog":true,"showMaterialUpdate":false,"showSkybox":true,"showFlares":true,"showImageEffects":true,"showParticleSystems":true},"in2DMode":false,"pivot":{"x":-0.60693359375,"y":0.39874267578125,"z":-0.0714111328125},"rotation":{"x":0.3553532361984253,"y":0.09788772463798523,"z":-0.03745034709572792,"w":0.928837776184082},"size":2.477686643600464,"orthographic":true}