{"cameraMode":{"drawMode":0,"name":"Shaded","section":"Shading Mode"},"sceneLighting":false,"audioPlay":false,"sceneViewState":{"showFog":true,"showMaterialUpdate":false,"showSkybox":true,"showFlares":true,"showImageEffects":true,"showParticleSystems":true},"in2DMode":false,"pivot":{"x":15.870000839233399,"y":64.09712219238281,"z":-32.44966125488281},"rotation":{"x":-0.1091868132352829,"y":0.736600935459137,"z":-0.12878145277500153,"w":-0.6549142003059387},"size":37.205650329589847,"orthographic":true}