{"cameraMode":{"drawMode":0,"name":"Shaded","section":"Shading Mode"},"sceneLighting":false,"audioPlay":false,"sceneViewState":{"showFog":true,"showMaterialUpdate":false,"showSkybox":true,"showFlares":true,"showImageEffects":true,"showParticleSystems":true},"in2DMode":false,"pivot":{"x":-0.60693359375,"y":0.39874267578125,"z":-0.0714111328125},"rotation":{"x":0.6414263844490051,"y":0.02759975753724575,"z":-0.023101743310689927,"w":0.7663398385047913},"size":2.477686643600464,"orthographic":true}