{"cameraMode":{"drawMode":0,"name":"Shaded","section":"Shading Mode"},"sceneLighting":true,"audioPlay":false,"sceneViewState":{"showFog":true,"showMaterialUpdate":false,"showSkybox":true,"showFlares":true,"showImageEffects":true,"showParticleSystems":true},"in2DMode":false,"pivot":{"x":32.656494140625,"y":-0.7861328125,"z":9.13818359375},"rotation":{"x":0.4997093677520752,"y":-0.11340618133544922,"z":0.06618985533714295,"w":0.8561825156211853},"size":8.437032699584961,"orthographic":true}